-- phpMyAdmin SQL Dump
-- version 5.2.1
-- https://www.phpmyadmin.net/
--
-- Gép: 127.0.0.1
-- Létrehozás ideje: 2025. Nov 29. 20:42
-- Kiszolgáló verziója: 10.4.32-MariaDB
-- PHP verzió: 8.2.12

SET SQL_MODE = "NO_AUTO_VALUE_ON_ZERO";
START TRANSACTION;
SET time_zone = "+00:00";


/*!40101 SET @OLD_CHARACTER_SET_CLIENT=@@CHARACTER_SET_CLIENT */;
/*!40101 SET @OLD_CHARACTER_SET_RESULTS=@@CHARACTER_SET_RESULTS */;
/*!40101 SET @OLD_COLLATION_CONNECTION=@@COLLATION_CONNECTION */;
/*!40101 SET NAMES utf8mb4 */;

--
-- Adatbázis: `webgyakorlat`
--
CREATE DATABASE IF NOT EXISTS `webgyakorlat` DEFAULT CHARACTER SET utf8mb4 COLLATE utf8mb4_hungarian_ci;
USE `webgyakorlat`;

-- --------------------------------------------------------

--
-- Tábla szerkezet ehhez a táblához `kiosztas`
--

CREATE TABLE `kiosztas` (
  `az` int(11) NOT NULL,
  `frekvencia` double NOT NULL,
  `teljesitmeny` double NOT NULL,
  `csatorna` varchar(255) NOT NULL,
  `adohely` varchar(255) NOT NULL,
  `cim` varchar(255) DEFAULT NULL
) ENGINE=InnoDB DEFAULT CHARSET=utf8mb4 COLLATE=utf8mb4_hungarian_ci;

--
-- A tábla adatainak kiíratása `kiosztas`
--

INSERT INTO `kiosztas` (`az`, `frekvencia`, `teljesitmeny`, `csatorna`, `adohely`, `cim`) VALUES
(1, 87, 7, 'Neo FM ', 'Győr', 'Szabadhegy '),
(2, 87, 0, 'Gong Rádió', 'Csongrád', ''),
(3, 87, 0, 'Kontakt Rádió ', 'Budapest', 'Terézváros '),
(4, 87, 0, 'ZsebRádió ', 'Halásztelek ', ''),
(5, 87, 0, 'Remete Rádió ', 'Pécs', 'Istenkút '),
(6, 87, 0, 'Origóház Rádió ', 'Pécs', 'Mecsekszabolcs '),
(7, 87, 0, 'Rádió Sansz - A lehetőség! ', 'Székesfehérvár ', ''),
(8, 87, 0, 'Dió Rádió ', 'Hatvan ', ''),
(9, 87, 0, 'Rádió 1 ', 'Sárbogárd ', ''),
(10, 88, 0, 'N-Joy 88,0', 'Marcali ', ''),
(11, 88, 0, 'Méliusz Rádió ', 'Debrecen ', ''),
(12, 88, 0, 'Berettyó Night ', 'Berettyóújfalu ', ''),
(13, 88, 0, 'Alfa Rádió ', 'Balkány ', ''),
(14, 88, 0, 'Karcag FM ', 'Karcag ', ''),
(15, 88, 1, 'Rise FM ', 'Budapest', 'Gellért-hegy '),
(16, 88, 0, '  ', 'Győr ', ''),
(17, 88, 0, 'Mária Rádió ', 'Kiskunmajsa ', ''),
(18, 88, 0, 'Pelso Rádió ', 'Balatonföldvár ', ''),
(19, 88, 5, 'MR1-Kossuth Rádió ', 'Tokaj', 'Nagy-kopasz '),
(20, 88, 1, 'Mária Rádió ', 'Komárom ', ''),
(21, 88, 0, 'Juventus Rádió', 'Mezőkovácsháza ', ''),
(22, 88, 2, 'Neo FM ', 'Csengőd', 'Kiskőrös '),
(23, 88, 0, 'Nyugat Rádió', 'Szombathely ', ''),
(24, 88, 0, 'Juventus Rádió', 'Orosháza ', ''),
(25, 88, 0, 'Tenkes Rádió ', 'Siklós ', ''),
(26, 88, 0, 'Parti Rádió ', 'Tiszafüred ', ''),
(27, 88, 0, 'Gong Rádió Baja ', 'Baja ', ''),
(28, 88, 0, 'Triangulum Rádió ', 'Őriszentpéter ', ''),
(29, 88, 0, 'Vértes Rádió ', 'Zámoly ', ''),
(30, 88, 0, 'Rádió C ', 'Budapest', 'Széchenyi-hegy '),
(31, 88, 0, 'Klubrádió ', 'Ajka ', ''),
(32, 88, 0, 'Rádió TOP ', 'Kazincbarcika ', ''),
(33, 88, 0, 'Rádió 1 Start ', 'Békéscsaba ', ''),
(34, 88, 0, 'Klubrádió Gyöngyös ', 'Gyöngyös', 'Sár-hegy '),
(35, 88, 0, 'N-Joy 88,9', 'Zalaegerszeg ', ''),
(36, 88, 0, 'Muzik Rádió ', 'Székesfehérvár ', ''),
(37, 89, 1, 'MR2-Petőfi Rádió ', 'Debrecen', 'Pallag '),
(38, 89, 0, 'Ezerjó Rádió ', 'Mór ', ''),
(39, 89, 0, 'Parti Rádió ', 'Abádszalók ', ''),
(40, 89, 6, 'MR2-Petőfi Rádió ', 'Csávoly ', ''),
(41, 89, 83, 'Juventus Rádió ', 'Budapest', 'Széchenyi-hegy '),
(42, 89, 0, 'MR1-Kossuth Rádió ', 'Barcs ', ''),
(43, 89, 0, 'Rádió 35 ', 'Tiszaújváros ', ''),
(44, 89, 0, 'Mustár Rádió ', 'Nyíregyháza ', ''),
(45, 89, 0, 'Bajai Rádió ', 'Baja ', ''),
(46, 89, 0, 'Rádió Express 89,8 ', 'Sárospatak ', ''),
(47, 89, 5, 'MR1-Kossuth Rádió ', 'Komádi ', ''),
(48, 89, 0, 'MR1-Kossuth Rádió ', 'Salgótarján ', ''),
(49, 89, 0, 'Puszta Rádió ', 'Kunszentmiklós ', ''),
(50, 89, 0, 'Szóbeszéd Rádió Mártély ', 'Mártély ', ''),
(51, 89, 0, 'Rákóczi Hírmondó ', 'Rákóczifalva ', ''),
(52, 89, 0, 'Itt mi vagyunk! Rádió Mi ', 'Szeged ', ''),
(53, 89, 0, 'Pont Rádió ', 'Mezőtúr ', ''),
(54, 89, 0, 'Rádió Weekend ', 'Tótkomlós ', ''),
(55, 89, 0, 'Rádió Smile ', 'Kiskunfélegyháza ', ''),
(56, 90, 0, 'Friss Rádió ', 'Debrecen ', ''),
(57, 90, 0, '  ', 'Várpalota ', ''),
(58, 90, 8, 'Neo FM ', 'Nagykanizsa', 'Újudvar, Tukora '),
(59, 90, 3, 'MR1-Kossuth Rádió ', 'Telkibánya', 'Nagy-hegy '),
(60, 90, 0, 'Rádió 1 Orosháza ', 'Orosháza ', ''),
(61, 90, 3, 'MR2-Petőfi Rádió ', 'Sárszentlőrinc', 'Úzd '),
(62, 90, 0, 'Neo FM ', 'Szeged ', ''),
(63, 90, 0, 'Tilos Rádió ', 'Budapest', 'Változó '),
(64, 90, 0, 'Rádió Plusz ', 'Berettyóújfalu ', ''),
(65, 90, 0, 'Európa Rádió ', 'Miskolc', 'Pereces '),
(66, 90, 0, 'Európa Rádió Záhony ', 'Záhony ', ''),
(67, 90, 0, 'Rádió 2000 ', 'Szolnok ', ''),
(68, 90, 0, 'Gondola Rádió ', 'Velence', 'Meleg-hegy '),
(69, 90, 0, 'Kék Duna Rádió', 'Komárom ', ''),
(70, 90, 0, 'Juventus Rádió', 'Gyula ', ''),
(71, 90, 1, 'Klubrádió ', 'Veszprém ', ''),
(72, 90, 1, 'Szent István Rádió ', 'Sátoraljaújhely', 'Magas-hegy '),
(73, 90, 0, 'Rádió 1 ', 'Pécs', 'Kertváros '),
(74, 90, 28, 'MR3-Bartók Rádió ', 'Kékes ', ''),
(75, 90, 0, 'MR1-Kossuth Rádió ', 'Hódmezővásárhely ', ''),
(76, 90, 0, 'MR1-Kossuth Rádió ', 'Hódmezővásárhely ', ''),
(77, 90, 0, '90,9 Jazzy ', 'Budapest', 'Sas-hegy '),
(78, 91, 0, 'István Király Rádió ', 'Győr', 'Bácsa '),
(79, 91, 0, '  ', 'Nyíregyháza ', ''),
(80, 91, 0, 'Alisca Rádió ', 'Szekszárd ', ''),
(81, 91, 0, 'SUNSHINE Rádió Pilis ', 'Szentendre', 'Pismány-hegy '),
(82, 91, 0, 'Sirius Rádió ', 'Kiskunfélegyháza ', ''),
(83, 91, 0, 'Enjoy Rádió ', 'Kaposvár ', ''),
(84, 91, 0, 'MR1-Kossuth Rádió ', 'Dunaújváros ', ''),
(85, 91, 1, 'MR6-A Régió Rádiója - Debrecen ', 'Debrecen', 'Pallag '),
(86, 91, 0, 'Mária Rádió ', 'Komló ', ''),
(87, 91, 0, 'Domb Rádió Sellye ', 'Sellye ', ''),
(88, 91, 0, 'Diák Rádió Szerencs ', 'Szerencs ', ''),
(89, 91, 1, 'Kék Duna Rádió', 'Győr', 'Szabadhegy '),
(90, 91, 6, 'Neo FM ', 'Vasvár', 'Hegyhátsál '),
(91, 91, 1, 'MR1-Kossuth Rádió ', 'Szentes ', ''),
(92, 91, 1, 'Fortuna Rádió ', 'Cece ', ''),
(93, 91, 1, 'Kunság Rádió ', 'Kiskőrös ', ''),
(94, 91, 0, 'Mária Rádió ', 'Pécel ', ''),
(95, 91, 0, 'Szent István Rádió ', 'Eger', 'Nagy-Eged '),
(96, 91, 0, 'Klubrádió ', 'Balatonfüred ', ''),
(97, 91, 0, 'MR1-Kossuth Rádió ', 'Püspökladány ', ''),
(98, 91, 1, 'MR1-Kossuth Rádió ', 'Sátoraljaújhely', 'Magas-hegy '),
(99, 91, 0, 'Diák Rádió Edelény ', 'Edelény ', ''),
(100, 92, 0, 'MR1-Kossuth Rádió ', 'Paks ', ''),
(101, 92, 1, 'BBC-RFI ', 'Budapest', 'Széchenyi-hegy '),
(102, 92, 0, 'Aktív Rádió ', 'Szolnok ', ''),
(103, 92, 0, 'Klubrádió', 'Keszthely ', ''),
(104, 92, 0, 'SuGo Rádió ', 'Baja ', ''),
(105, 92, 1, 'MR1-Kossuth Rádió ', 'Székesfehérvár', 'Sóstó '),
(106, 92, 0, 'Rádió 1 ', 'Debrecen ', ''),
(107, 92, 0, 'Diósgyőr Rádió ', 'Miskolc', 'Diósgyőr '),
(108, 92, 0, 'Rádió Egy 100 ', 'Százhalombatta ', ''),
(109, 92, 0, 'Zöld Rádió ', 'Erdőkertes ', ''),
(110, 92, 0, 'Rádió Füzes ', 'Füzesabony ', ''),
(111, 92, 0, 'Diák Rádió Kazincbarcika ', 'Kazincbarcika ', ''),
(112, 92, 0, 'Hernád Völgye Rádió', 'Aszaló ', ''),
(113, 92, 0, 'Rádió Eper ', 'Miskolc ', ''),
(114, 92, 0, 'Zagyvan Rádió ', 'Hatvan ', ''),
(115, 92, 0, 'Cegléd Rádió 88 ', 'Cegléd ', ''),
(116, 92, 0, 'Kék Duna Rádió Győr ', 'Esztergom', 'Elő-hegy '),
(117, 92, 1, 'Juventus Rádió ', 'Siófok ', ''),
(118, 92, 50, 'MR2-Petőfi Rádió ', 'Tokaj', 'Nagy-kopasz '),
(119, 92, 0, 'Klubrádió ', 'Pápa ', ''),
(120, 92, 0, 'Tamási Rádió ', 'Bonyhád ', ''),
(121, 92, 5, 'Magyar Katolikus Rádió', 'Budapest', 'Gellért-hegy '),
(122, 92, 0, 'Party FM 92,9 Rádió ', 'Kiskunhalas ', ''),
(123, 92, 0, 'Rádió Egerszeg ', 'Zalaegerszeg ', ''),
(124, 93, 1, 'MR1-Kossuth Rádió ', 'Cegléd ', ''),
(125, 93, 0, 'MR1-Kossuth Rádió ', 'Szombathely ', ''),
(126, 93, 7, 'MR2-Petőfi Rádió ', 'Győr', 'Szabad-hegy '),
(127, 93, 0, 'MR6-A Régió Rádiója - Szeged ', 'Szeged ', ''),
(128, 93, 0, 'EL-DO Rádió ', 'Dunaújváros ', ''),
(129, 93, 0, '  ', 'Ajka ', ''),
(130, 93, 0, 'Rádió FM 95 Hajdúnánás ', 'Hajdúnánás ', ''),
(131, 93, 1, 'Dabas Rádió ', 'Dabas ', ''),
(132, 93, 0, 'Vár FM Kisvárda ', 'Kisvárda ', ''),
(133, 93, 1, 'Klubrádió Debrecen ', 'Debrecen ', ''),
(134, 93, 0, 'Fúzió Rádió ', 'Budapest', 'Újbuda'),
(135, 93, 0, 'Kolumbusz Rádió ', 'Etyek', 'Botpuszta '),
(136, 93, 0, 'Csobán Rádió ', 'Csobánka ', ''),
(137, 93, 5, 'Rádió Express 93,6 ', 'Szikszó ', ''),
(138, 93, 3, 'MR1-Kossuth Rádió ', 'Siófok', 'Balatonszabadi-Sóstó '),
(139, 93, 0, 'Arany Rádió ', 'Nagykőrös', NULL),
(140, 93, 0, 'Gong Rádió Nagykőrös ', 'Nagykőrös', NULL),
(141, 93, 0, 'Pelikán Rádió', 'Gödöllő ', ''),
(142, 93, 2, 'MR1-Kossuth Rádió ', 'Balassagyarmat', 'Szügy-Dezsőpuszta '),
(143, 93, 0, 'Diórádió ', 'Heves ', ''),
(144, 93, 0, 'Csillaghang Rádió ', 'Budapest', 'Budafok'),
(145, 93, 0, 'Baranya Rádió ', 'Mohács ', ''),
(146, 93, 0, '  ', 'Karcag ', ''),
(147, 93, 65, 'MR2-Petőfi Rádió ', 'Kab-hegy ', ''),
(148, 94, 0, 'Fortuna Rádió ', 'Bonyhád ', ''),
(149, 94, 0, 'Szent István Rádió ', 'Hatvan ', ''),
(150, 94, 0, 'Nap Rádió ', 'Sopron', 'Dalos-hegy '),
(151, 94, 0, 'Mária Rádió ', 'Vác', 'Sződliget '),
(152, 94, 0, 'Gong Rádió Solt ', 'Solt ', ''),
(153, 94, 0, 'Mária Rádió ', 'Budapest', 'Sas-hegy '),
(154, 94, 0, 'Rádió Ice ', 'Makó ', ''),
(155, 94, 0, 'Tisza Rádió ', 'Szeged ', ''),
(156, 94, 12, 'MR2-Petőfi Rádió ', 'Nagykanizsa', 'Újudvar'),
(157, 94, 6, 'MR1-Kossuth Rádió ', 'Szolnok ', ''),
(158, 94, 0, 'Alisca Rádió ', 'Baja ', ''),
(159, 94, 1, 'Gold FM Debrecen', 'Debrecen ', ''),
(160, 94, 0, 'Torony Rádió ', 'Békés ', ''),
(161, 94, 0, 'Juventus Rádió Kapuvár ', 'Kapuvár ', ''),
(162, 94, 0, 'Fehérvár Rádió ', 'Székesfehérvár', 'Öreghegy '),
(163, 94, 3, 'MR1-Kossuth Rádió ', 'Aggtelek', 'Szár-hegy '),
(164, 94, 0, 'Rádió 1 ', 'Veszprém ', ''),
(165, 94, 0, 'Mária Rádió ', 'Pécs ', ''),
(166, 94, 0, 'Rádió Plusz ', 'Derecske ', ''),
(167, 94, 77, 'MR2-Petőfi Rádió ', 'Budapest', 'Széchenyi-hegy '),
(168, 94, 0, 'N-Joy 94,8 Letenye ', 'Letenye ', ''),
(169, 94, 0, 'Klassz Rádió  ', 'Szeged ', ''),
(170, 95, 0, 'Rádió FM 95 ', 'Debrecen ', ''),
(171, 95, 1, 'MR1-Kossuth Rádió ', 'Mosonmagyaróvár ', ''),
(172, 95, 0, 'MR1-Kossuth Rádió ', 'Bácsalmás ', ''),
(173, 95, 1, 'MR2-Petőfi Rádió ', 'Csengőd', 'Kiskőrös '),
(174, 95, 1, 'Szent István Rádió ', 'Miskolc', 'Pereces '),
(175, 95, 0, 'Karzat Rádió Sárospatak ', 'Sárospatak ', ''),
(176, 95, 0, 'Juventus Rádió Szarvas ', 'Szarvas ', ''),
(177, 95, 0, 'Klubrádió ', 'Budapest', 'Széchenyi-hegy '),
(178, 95, 1, 'Rádió 88 ', 'Szeged ', ''),
(179, 95, 5, 'Rádió Express 95,4 ', 'Encs ', ''),
(180, 95, 20, 'Neo FM ', 'Kékes ', ''),
(181, 95, 0, 'Rádió FUN ', 'Debrecen ', ''),
(182, 95, 0, 'Kanizsa Rádió ', 'Nagykanizsa', 'Újudvar'),
(183, 95, 0, 'MR1-Kossuth Rádió ', 'Veszprém ', ''),
(184, 95, 1, 'Gazdasági Rádió 95,7 ', 'Balassagyarmat ', ''),
(185, 95, 0, 'Rádió Plusz ', 'Szentes ', ''),
(186, 95, 2, 'Infó Rádió ', 'Budapest', 'Széchenyi-hegy '),
(187, 95, 25, 'Neo FM ', 'Pécs', 'Misina-tető '),
(188, 95, 0, 'Új Juventus ', 'Kazincbarcika ', ''),
(189, 96, 0, 'MR1-Kossuth Rádió ', 'Gyula ', ''),
(190, 96, 0, 'MR1-Kossuth Rádió ', 'Sárvár ', ''),
(191, 96, 0, 'MR1-Kossuth Rádió ', 'Eger ', ''),
(192, 96, 0, 'Fortuna Rádió ', 'Paks ', ''),
(193, 96, 0, 'Új Juventus ', 'Miskolc', 'Avas '),
(194, 96, 0, 'Rádio Studio ', 'Zalaegerszeg ', ''),
(195, 96, 2, 'Roxy Rádió ', 'Budapest', 'Gellért-hegy '),
(196, 96, 0, 'Rádió 1 ', 'Győr ', ''),
(197, 96, 0, 'Rádió Törökszentmiklós ', 'Törökszentmiklós ', ''),
(198, 96, 0, 'MR1-Kossuth Rádió ', 'Pápa ', ''),
(199, 96, 2, 'Gong Rádió ', 'Kecskemét ', ''),
(200, 96, 0, 'Isis Rádió ', 'Sárvár ', ''),
(201, 96, 0, 'Yo! Rádió Sárbogard ', 'Sárbogárd ', ''),
(202, 96, 0, 'Haraszti Hangja Rádió ', 'Dunaharaszti ', ''),
(203, 96, 37, 'MR2-Petőfi Rádió ', 'Komádi ', ''),
(204, 96, 6, 'Neo FM ', 'Csávoly ', ''),
(205, 96, 3, 'MR1-Kossuth Rádió ', 'Kaposvár', 'Rómahegy '),
(206, 96, 0, 'Klubrádió ', 'Tatabánya', 'Árpád Hotel '),
(207, 96, 8, 'Neo FM ', 'Sopron', 'Dalos-hegy '),
(208, 96, 0, 'Árkádia Rádió ', 'Makó ', ''),
(209, 96, 1, 'Rádió 17 Rákosmente ', 'Budapest', 'XVII. Kerület'),
(210, 96, 0, 'Rádió Twist ', 'Debrecen ', ''),
(211, 97, 0, 'Első Pesti Egyetemi Rádió (EPER) ', 'Budapest', 'ELTE'),
(212, 97, 0, 'Kis-Duna Rádió ', 'Áporka ', ''),
(213, 97, 5, 'Neo FM ', 'Miskolc', 'Avas '),
(214, 97, 0, 'Rádió Szombathely ', 'Szombathely ', ''),
(215, 97, 0, 'Yo! Rádió ', 'Várpalota ', ''),
(216, 97, 0, 'Periszkóp Rádió ', 'Pécs', ''),
(217, 97, 0, 'Kerepes Rádió ', 'Kerepes ', ''),
(218, 97, 0, 'Rádió Gyömrő 97,2 MHz ', 'Gyömrő ', ''),
(219, 97, 0, 'Gong Rádió Gyömrő ', 'Gyömrő ', ''),
(220, 97, 1, 'Abszolút Rádió ', 'Göd ', ''),
(221, 97, 1, 'MR1-Kossuth Rádió ', 'Békéscsaba ', ''),
(222, 97, 1, 'Rádió Antritt Dunaföldvár ', 'Dunaföldvár ', ''),
(223, 97, 0, '  ', 'Esztergom ', ''),
(224, 97, 50, 'Neo FM ', 'Tokaj', 'Nagy-kopasz '),
(225, 97, 0, 'K1 Rádió ', 'Kaposvár ', ''),
(226, 97, 0, 'Mária Rádió ', 'Dabas ', ''),
(227, 97, 0, 'Rádió 7 Hódmezővásárhely ', 'Hódmezővásárhely ', ''),
(228, 97, 1, 'Klubrádió ', 'Kecskemét ', ''),
(229, 97, 0, 'MR1-Kossuth Rádió ', 'Kazincbarcika ', ''),
(230, 97, 0, 'Rádió Jászberény ', 'Jászberény ', ''),
(231, 97, 0, 'Rádió Szentgotthárd/Monošter ', 'Felsőszölnök', 'Kakas-domb '),
(232, 97, 0, 'Rádió Radír ', 'Tatabánya', 'Kő-hegy '),
(233, 97, 10, 'MR1-Kossuth Rádió ', 'Karcag ', ''),
(234, 97, 0, 'Berettyó Rádió ', 'Berettyóújfalu ', ''),
(235, 97, 0, 'Campus Rádió ', 'Nyíregyháza', 'Jósaváros '),
(236, 97, 0, '4-SSSS Rádió ', 'Téglás ', ''),
(237, 97, 0, 'Galaxis Rádió ', 'Heves ', ''),
(238, 98, 0, 'Civil Rádió ', 'Budapest', 'Lágymányos '),
(239, 98, 0, 'Abakusz Rádió ', 'Hajdúböszörmény ', ''),
(240, 98, 0, 'Best of Rádió ', 'Tiszavasvári ', ''),
(241, 98, 0, 'Klubrádió ', 'Esztergom', 'Elő-hegy '),
(242, 98, 7, 'MR2-Petőfi Rádió ', 'Vasvár', 'Hegyhátsál '),
(243, 98, 0, 'MR1-Kossuth Rádió ', 'Túrkeve ', ''),
(244, 98, 5, 'Klassz Rádió  ', 'Miskolc', 'Avas '),
(245, 98, 0, 'HA-JÓ Rádió ', 'Vaja ', ''),
(246, 98, 1, 'Rádió Café ', 'Budapest', 'Széchenyi-hegy '),
(247, 98, 0, 'N-Joy 98,7 Dombóvár ', 'Dombóvár ', ''),
(248, 98, 32, 'MR2-Petőfi Rádió ', 'Szentes ', ''),
(249, 98, 0, 'Berzsenyi Rádió ', 'Szombathely ', ''),
(250, 98, 0, 'Rádió Cell ', 'Celldömölk ', ''),
(251, 98, 1, 'N-Joy 98,9 Szigetvár ', 'Szigetvár ', ''),
(252, 98, 0, 'Rise FM ', 'Tihany ', ''),
(253, 98, 0, 'Rádió Fun ', 'Hajdúböszörmény ', ''),
(254, 98, 0, 'Mária Rádió ', 'Gyál ', ''),
(255, 98, 0, 'Rádió Avas ', 'Miskolc ', ''),
(256, 98, 0, 'Ózdi Diák Rádió ', 'Ózd ', ''),
(257, 98, 0, 'Rakamaz FM ', 'Rakamaz ', ''),
(258, 99, 0, 'MR1-Kossuth Rádió ', 'Szekszárd ', ''),
(259, 99, 0, 'Gerilla Rádió 99,1 ', 'Dunaújváros ', ''),
(260, 99, 0, 'Vörösmarty Rádió ', 'Székesfehérvár', 'Öreghegy '),
(261, 99, 0, 'SUNSHINE Rádió Nyíregyháza ', 'Nyíregyháza ', ''),
(262, 99, 0, 'Rádió 1 ', 'Komló ', ''),
(263, 99, 0, 'MR1-Kossuth Rádió ', 'Szeghalom ', ''),
(264, 99, 0, 'Helikon Rádió ', 'Keszthely ', ''),
(265, 99, 8, 'MR2-Petőfi Rádió ', 'Sopron', 'Dalos-hegy '),
(266, 99, 5, 'Rádió Q ', 'Budapest', 'Gellért-hegy '),
(267, 99, 0, 'Új Juventus ', 'Ózd ', ''),
(268, 99, 0, '  ', 'Fehérgyarmat ', ''),
(269, 99, 0, 'Origó Rádió Miskolc ', 'Miskolc ', ''),
(270, 99, 1, 'Gong Rádió Kecel FM 99,6 MHz ', 'Kecel ', ''),
(271, 99, 1, 'MR1-Kossuth Rádió ', 'Debrecen', 'Pallag '),
(272, 99, 0, 'MR1-Kossuth Rádió ', 'Kékes ', ''),
(273, 99, 0, 'Rádió 8 Körmend ', 'Körmend ', ''),
(274, 99, 1, 'Kapos Rádió ', 'Kaposvár ', ''),
(275, 100, 0, 'Korona Rádió Kalocsa ', 'Kalocsa ', ''),
(276, 100, 0, 'Rádió Aktív FM 100,0 MHz ', 'Sátoraljaújhely', 'Magas-hegy '),
(277, 100, 0, '  ', 'Győr ', ''),
(278, 100, 2, 'Rádió Plusz ', 'Szeged ', ''),
(279, 100, 1, 'Lánchíd Rádió ', 'Budapest', 'SOTE '),
(280, 100, 34, 'Neo FM ', 'Szentes ', ''),
(281, 100, 0, 'Rádió Focus ', 'Salgótarján ', ''),
(282, 100, 67, 'Klassz Rádió  ', 'Kab-hegy ', ''),
(283, 100, 1, '  ', 'Nyíregyháza ', ''),
(284, 100, 3, 'Mária Rádió ', 'Telkibánya ', ''),
(285, 100, 0, 'Rádió Fun ', 'Hajdúszoboszló ', ''),
(286, 100, 1, 'Gazdasági Rádió 100,7 ', 'Eger ', ''),
(287, 100, 0, 'Lajta Rádió ', 'Mosonmagyaróvár ', ''),
(288, 100, 79, 'Neo FM ', 'Budapest', 'Széchenyi-hegy '),
(289, 100, 0, 'Juventus Rádió Békéscsaba ', 'Békéscsaba ', ''),
(290, 100, 0, 'Villány Rádió ', 'Villány ', ''),
(291, 101, 1, 'Klassz Rádió  ', 'Debrecen', 'Pallag '),
(292, 101, 0, 'Mediterrán Rádió ', 'Pécs ', ''),
(293, 101, 2, 'MR6-A Régió Rádiója Debrecen ', 'Szolnok ', ''),
(294, 101, 0, 'Rádió 6 FM 101,3 ', 'Érd ', ''),
(295, 101, 1, 'Rádió Eger ', 'Eger', 'Almagyar-domb '),
(296, 101, 0, 'Juventus Rádió ', 'Fonyód ', ''),
(297, 101, 7, 'Klassz Rádió  ', 'Győr', 'Szabadhegy '),
(298, 101, 0, 'Helló Rádió ', 'Budapest', 'XIV. kerület '),
(299, 101, 3, 'Neo FM ', 'Sárszentlőrinc', 'Úzd '),
(300, 101, 21, 'Klassz Rádió  ', 'Komádi ', ''),
(301, 101, 0, 'MR1-Kossuth Rádió ', 'Sopron', 'Dalos-hegy '),
(302, 101, 2, 'MR6-A Régió Rádiója-Pécs ', 'Pécs', 'Misina-tető '),
(303, 101, 0, 'DióRádió ', 'Gyöngyös', 'Sár-hegy '),
(304, 101, 0, 'Rádió Kistarcsa ', 'Kistarcsa ', ''),
(305, 101, 1, 'Rádió 1 ', 'Székesfehérvár', 'Sóstó '),
(306, 101, 0, 'Yo! Rádió ', 'Tapolca ', ''),
(307, 101, 0, 'Rádió Express 101,8 ', 'Tokaj', 'Nagy-kopasz '),
(308, 101, 0, 'Zöld hullám Rádió ', 'Piliscsaba ', ''),
(309, 101, 0, 'Taks Rádió ', 'Taksony ', ''),
(310, 101, 2, 'MR1-Kossuth Rádió ', 'Szeged ', ''),
(311, 101, 1, 'Tamási Rádió ', 'Tamási ', ''),
(312, 101, 0, 'Rádió 1 ', 'Eger ', ''),
(313, 102, 22, 'Klassz Rádió  ', 'Sopron', 'Dalos-hegy '),
(314, 102, 0, '102,1 Sztár Rádió ', 'Budapest', 'Széchenyi-hegy '),
(315, 102, 0, 'Európa Rádió Mezőkövesd ', 'Mezőkövesd ', ''),
(316, 102, 0, 'Aktív Rádió ', 'Tiszakécske ', ''),
(317, 102, 3, 'MR1-Kossuth Rádió ', 'Kab-hegy ', ''),
(318, 102, 1, 'MR6-A Régió Rádiója-Miskolc ', 'Miskolc', 'Avas '),
(319, 102, 0, 'MR1-Kossuth Rádió ', 'Kunszentmiklós ', ''),
(320, 102, 0, 'Gold FM Tatabánya ', 'Tatabánya', 'Árpád Hotel '),
(321, 102, 0, 'MR1-Kossuth Rádió ', 'Nyíregyháza ', ''),
(322, 102, 0, 'N-Joy 102,6 Kaposvár ', 'Kaposvár ', ''),
(323, 102, 0, 'MR1-Kossuth Rádió ', 'Zalaegerszeg', 'Bazita '),
(324, 102, 30, 'MR2-Petőfi Rádió ', 'Kékes ', ''),
(325, 102, 0, 'Aqua Rádió Barcs ', 'Barcs ', ''),
(326, 102, 0, 'MR1-Kossuth Rádió ', 'Kiskunhalas ', ''),
(327, 102, 0, 'Rádió 24 ', 'Dunaújváros ', ''),
(328, 102, 0, 'FeZen Rádió ', 'Székesfehérvár ', ''),
(329, 103, 38, 'Neo FM ', 'Komádi ', ''),
(330, 103, 1, 'Sztár FM ', 'Miskolc', 'Avas '),
(331, 103, 0, 'OXYGEN FM', 'Győr', 'Erzsébetliget '),
(332, 103, 0, 'Európa Rádió Kisújszállás ', 'Kisújszállás ', ''),
(333, 103, 81, 'Klassz Rádió  ', 'Budapest', 'Széchenyi-hegy '),
(334, 103, 50, 'Klassz Rádió  ', 'Tokaj', 'Nagy-kopasz '),
(335, 103, 5, 'MR1-Kossuth Rádió ', 'Vasvár', 'Hegyhátsál '),
(336, 103, 49, 'MR2-Petőfi Rádió ', 'Pécs', 'Misina-tető '),
(337, 103, 5, 'MR1-Kossuth Rádió ', 'Miskolc', 'Avas '),
(338, 103, 0, 'MR1-Kossuth Rádió ', 'Letenye ', ''),
(339, 103, 5, 'Rádió 1 ', 'Budapest', 'Gellért-hegy '),
(340, 103, 1, 'Retro FM ', 'Nyíregyháza ', ''),
(341, 104, 1, 'Csaba Rádió ', 'Békéscsaba ', ''),
(342, 104, 0, 'Mária Rádió ', 'Piliscsaba ', ''),
(343, 104, 5, 'MR2-Petőfi Rádió ', 'Szeged ', ''),
(344, 104, 5, 'MR1-Kossuth Rádió ', 'Pécs', 'Misina-tető '),
(345, 104, 0, '  ', 'Debrecen ', ''),
(346, 104, 0, 'Corvinus Rádió ', 'Sopron', 'Dalos-hegy '),
(347, 104, 26, 'Klassz Rádió  ', 'Kékes ', ''),
(348, 104, 20, 'MR3-Bartók Rádió ', 'Nagykanizsa', 'Újudvar, Tukora '),
(349, 104, 0, 'Budaörs Rádió ', 'Budaörs ', ''),
(350, 104, 1, 'MR1-Kossuth Rádió ', 'Kecskemét ', ''),
(351, 104, 0, 'Mária Rádió ', 'Dömös ', ''),
(352, 105, 69, 'MR3-Bartók Rádió ', 'Kab-hegy ', ''),
(353, 105, 0, 'MR1-Kossuth Rádió ', 'Ózd ', ''),
(354, 105, 30, 'MR3-Bartók Rádió ', 'Komádi ', ''),
(355, 105, 0, 'Rádió Antritt ', 'Szekszárd ', ''),
(356, 105, 5, 'MR1-Kossuth Rádió ', 'Rábaszentandrás ', ''),
(357, 105, 81, 'MR3-Bartók Rádió ', 'Budapest', 'Széchenyi-hegy '),
(358, 105, 0, 'MR1-Kossuth Rádió ', 'Battonya ', ''),
(359, 105, 0, 'Rádió X ', 'Hódmezővásárhely ', ''),
(360, 105, 0, 'Rádió Szarvas ', 'Szarvas ', ''),
(361, 105, 50, 'Klassz Rádió  ', 'Pécs', 'Misina-tető '),
(362, 105, 50, 'MR3-Bartók Rádió ', 'Tokaj', 'Nagy-kopasz '),
(363, 105, 10, 'MR1-Kossuth Rádió ', 'Gerecse ', ''),
(364, 105, 2, 'MR3-Bartók Rádió ', 'Szeged ', ''),
(365, 105, 5, 'MR1-Kossuth Rádió ', 'Fehérgyarmat', 'Penyige '),
(366, 105, 3, 'Gazdasági Rádió ', 'Budapest', 'Gellért-hegy '),
(367, 105, 3, 'MR3-Bartók Rádió ', 'Csengőd', 'Kiskőrös '),
(368, 106, 0, 'Rádió Max ', 'Debrecen ', ''),
(369, 106, 0, 'Rádió Szentes ', 'Szentes ', ''),
(370, 106, 0, 'Part Rádió ', 'Balatonalmádi ', ''),
(371, 106, 0, 'Mária Rádió ', 'Monor ', ''),
(372, 106, 1, 'MR1-Kossuth Rádió ', 'Győr', 'Szabadhegy '),
(373, 106, 0, 'MR1-Kossuth Rádió ', 'Tiszakécske ', ''),
(374, 106, 1, 'Alisca Rádió ', 'Dunaföldvár ', ''),
(375, 106, 1, 'Gold FM Miskolc', 'Miskolc', 'Avas '),
(376, 106, 1, 'MR3-Bartók Rádió ', 'Debrecen', 'Pallag '),
(377, 106, 0, 'Rádió Szentgotthárd', 'Szentgotthárd', 'Zsida-hegy '),
(378, 106, 5, 'MR1-Kossuth Rádió ', 'Nagykanizsa', 'Újudvar, Tukora '),
(379, 106, 7, 'MR3-Bartók Rádió ', 'Győr', 'Szabadhegy '),
(380, 106, 3, 'MR3-Bartók Rádió ', 'Sárszentlőrinc', 'Úzd '),
(381, 106, 3, 'MR3-Bartók Rádió ', 'Vasvár', 'Hegyhátsál '),
(382, 106, 1, 'DióRádió FM 106.9 ', 'Eger ', ''),
(383, 107, 0, 'Kék Duna Rádió Győr ', 'Tatabánya', 'Kő-hegy '),
(384, 107, 0, 'Rádió 7 Kistelek ', 'Kistelek ', ''),
(385, 107, 0, 'Lakihegy Rádió ', 'Szigetszentmiklós ', ''),
(386, 107, 70, 'Neo FM ', 'Kab-hegy ', ''),
(387, 107, 34, 'MR3-Bartók Rádió ', 'Szentes ', ''),
(388, 107, 0, 'Cool FM ', 'Budapest', 'Gyáli út '),
(389, 107, 0, 'Tavirózsa Rádió ', 'Veresegyház ', ''),
(390, 107, 0, '  ', 'Szombathely ', ''),
(391, 107, 0, '  ', 'Nyíregyháza ', ''),
(392, 107, 0, 'Gorba Rádió ', 'Tardos ', ''),
(393, 107, 1, 'MR3-Bartók Rádió ', 'Miskolc', 'Avas '),
(394, 107, 1, 'Alisca Rádió ', 'Paks ', ''),
(395, 107, 10, 'MR3-Bartók Rádió ', 'Pécs', 'Misina-tető '),
(396, 107, 83, 'MR1-Kossuth Rádió ', 'Budapest', 'Széchenyi-hegy '),
(397, 107, 6, 'MR3-Bartók Rádió ', 'Sopron', 'Dalos-hegy');

-- --------------------------------------------------------

--
-- Tábla szerkezet ehhez a táblához `messages`
--

CREATE TABLE `messages` (
  `id` int(11) NOT NULL,
  `sender` varchar(100) NOT NULL,
  `message` varchar(1000) NOT NULL
) ENGINE=InnoDB DEFAULT CHARSET=utf8mb4 COLLATE=utf8mb4_hungarian_ci;

--
-- A tábla adatainak kiíratása `messages`
--

INSERT INTO `messages` (`id`, `sender`, `message`) VALUES
(3, 'someone', 'test message'),
(4, 'test2', 'message2');

-- --------------------------------------------------------

--
-- Tábla szerkezet ehhez a táblához `regio`
--

CREATE TABLE `regio` (
  `nev` varchar(255) NOT NULL,
  `megye` varchar(255) NOT NULL
) ENGINE=InnoDB DEFAULT CHARSET=utf8mb4 COLLATE=utf8mb4_hungarian_ci;

--
-- A tábla adatainak kiíratása `regio`
--

INSERT INTO `regio` (`nev`, `megye`) VALUES
('Dél-Alföld', 'Bács-Kiskun'),
('Dél-Dunántúl', 'Baranya'),
('Dél-Alföld', 'Békés'),
('Észak-Magyarország', 'Borsod-Abaúj-Zemplén'),
('Közép-Magyarország', 'Budapest'),
('Dél-Alföld', 'Csongrád'),
('Közép-Dunántúl', 'Fejér'),
('Nyugat-Dunántúl', 'Győr-Moson-Sopron'),
('Észak-Alföld', 'Hajdú-Bihar'),
('Észak-Magyarország', 'Heves'),
('Észak-Alföld', 'Jász-Nagykun-Szolnok'),
('Közép-Dunántúl', 'Komárom-Esztergom'),
('Észak-Magyarország', 'Nógrád'),
('Közép-Magyarország', 'Pest'),
('Dél-Dunántúl', 'Somogy'),
('Észak-Alföld', 'Szabolcs-Szatmár-Bereg'),
('Dél-Dunántúl', 'Tolna'),
('Nyugat-Dunántúl', 'Vas'),
('Közép-Dunántúl', 'Veszprém'),
('Nyugat-Dunántúl', 'Zala');

-- --------------------------------------------------------

--
-- Tábla szerkezet ehhez a táblához `sessions`
--

CREATE TABLE `sessions` (
  `session_id` varchar(128) CHARACTER SET utf8mb4 COLLATE utf8mb4_bin NOT NULL,
  `expires` int(11) UNSIGNED NOT NULL,
  `data` mediumtext CHARACTER SET utf8mb4 COLLATE utf8mb4_bin DEFAULT NULL
) ENGINE=InnoDB DEFAULT CHARSET=utf8mb4 COLLATE=utf8mb4_hungarian_ci;

--
-- A tábla adatainak kiíratása `sessions`
--

INSERT INTO `sessions` (`session_id`, `expires`, `data`) VALUES
('Rr_mmmBJwFQ5PKR_2B1_ieiNAB8ZZlqE', 1764530463, '{\"cookie\":{\"originalMaxAge\":86400000,\"expires\":\"2025-11-30T19:20:57.782Z\",\"httpOnly\":true,\"path\":\"/\"},\"passport\":{\"user\":1}}');

-- --------------------------------------------------------

--
-- Tábla szerkezet ehhez a táblához `telepules`
--

CREATE TABLE `telepules` (
  `nev` varchar(255) NOT NULL,
  `megye` varchar(255) NOT NULL
) ENGINE=InnoDB DEFAULT CHARSET=utf8mb4 COLLATE=utf8mb4_hungarian_ci;

--
-- A tábla adatainak kiíratása `telepules`
--

INSERT INTO `telepules` (`nev`, `megye`) VALUES
('Bácsalmás', 'Bács-Kiskun'),
('Bácsbokod', 'Bács-Kiskun'),
('Baja', 'Bács-Kiskun'),
('Bugac', 'Bács-Kiskun'),
('Csávoly', 'Bács-Kiskun'),
('Csengőd', 'Bács-Kiskun'),
('Dunapataj', 'Bács-Kiskun'),
('Dunavecse', 'Bács-Kiskun'),
('Hajós', 'Bács-Kiskun'),
('Harta', 'Bács-Kiskun'),
('Izsák', 'Bács-Kiskun'),
('Jánoshalma', 'Bács-Kiskun'),
('Kalocsa', 'Bács-Kiskun'),
('Kecel', 'Bács-Kiskun'),
('Kecskemét', 'Bács-Kiskun'),
('Kerekegyháza', 'Bács-Kiskun'),
('Kiskőrös', 'Bács-Kiskun'),
('Kiskunfélegyháza', 'Bács-Kiskun'),
('Kiskunhalas', 'Bács-Kiskun'),
('Kiskunmajsa', 'Bács-Kiskun'),
('Kunszentmiklós', 'Bács-Kiskun'),
('Lajosmizse', 'Bács-Kiskun'),
('Lakitelek', 'Bács-Kiskun'),
('Mélykút', 'Bács-Kiskun'),
('Solt', 'Bács-Kiskun'),
('Soltvadkert', 'Bács-Kiskun'),
('Sükösd', 'Bács-Kiskun'),
('Szabadszállás', 'Bács-Kiskun'),
('Tiszaalpár', 'Bács-Kiskun'),
('Tiszakécske', 'Bács-Kiskun'),
('Tompa', 'Bács-Kiskun'),
('Beremend', 'Baranya'),
('Bóly', 'Baranya'),
('Harkány', 'Baranya'),
('Komló', 'Baranya'),
('Kozármisleny', 'Baranya'),
('Mágocs', 'Baranya'),
('Mohács', 'Baranya'),
('Pécs', 'Baranya'),
('Pécsvárad', 'Baranya'),
('Sásd', 'Baranya'),
('Sellye', 'Baranya'),
('Siklós', 'Baranya'),
('Szászvár', 'Baranya'),
('Szentlőrinc', 'Baranya'),
('Szigetvár', 'Baranya'),
('Vajszló', 'Baranya'),
('Villány', 'Baranya'),
('Battonya', 'Békés'),
('Békés', 'Békés'),
('Békéscsaba', 'Békés'),
('Békésszentandrás', 'Békés'),
('Csabacsűd', 'Békés'),
('Csorvás', 'Békés'),
('Dévaványa', 'Békés'),
('Doboz', 'Békés'),
('Dombegyház', 'Békés'),
('Elek', 'Békés'),
('Füzesgyarmat', 'Békés'),
('Gádoros', 'Békés'),
('Gyomaendrőd', 'Békés'),
('Gyula', 'Békés'),
('Kétegyháza', 'Békés'),
('Kevermes', 'Békés'),
('Kondoros', 'Békés'),
('Körösladány', 'Békés'),
('Medgyesegyháza', 'Békés'),
('Mezőberény', 'Békés'),
('Mezőhegyes', 'Békés'),
('Mezőkovácsháza', 'Békés'),
('Nagyszénás', 'Békés'),
('Orosháza', 'Békés'),
('Sarkad', 'Békés'),
('Szarvas', 'Békés'),
('Szeghalom', 'Békés'),
('Tótkomlós', 'Békés'),
('Újkígyós', 'Békés'),
('Vésztő', 'Békés'),
('Abaújszántó', 'Borsod-Abaúj-Zemplén'),
('Aggtelek', 'Borsod-Abaúj-Zemplén'),
('Alsózsolca', 'Borsod-Abaúj-Zemplén'),
('Arló', 'Borsod-Abaúj-Zemplén'),
('Aszaló', 'Borsod-Abaúj-Zemplén'),
('Borsodnádasd', 'Borsod-Abaúj-Zemplén'),
('Cigánd', 'Borsod-Abaúj-Zemplén'),
('Edelény', 'Borsod-Abaúj-Zemplén'),
('Emőd', 'Borsod-Abaúj-Zemplén'),
('Encs', 'Borsod-Abaúj-Zemplén'),
('Felsőzsolca', 'Borsod-Abaúj-Zemplén'),
('Gönc', 'Borsod-Abaúj-Zemplén'),
('Izsófalva', 'Borsod-Abaúj-Zemplén'),
('Kazincbarcika', 'Borsod-Abaúj-Zemplén'),
('Mezőcsát', 'Borsod-Abaúj-Zemplén'),
('Mezőkeresztes', 'Borsod-Abaúj-Zemplén'),
('Mezőkövesd', 'Borsod-Abaúj-Zemplén'),
('Miskolc', 'Borsod-Abaúj-Zemplén'),
('Múcsony', 'Borsod-Abaúj-Zemplén'),
('Nyékládháza', 'Borsod-Abaúj-Zemplén'),
('Onga', 'Borsod-Abaúj-Zemplén'),
('Ózd', 'Borsod-Abaúj-Zemplén'),
('Pálháza', 'Borsod-Abaúj-Zemplén'),
('Putnok', 'Borsod-Abaúj-Zemplén'),
('Ricse', 'Borsod-Abaúj-Zemplén'),
('Rudabánya', 'Borsod-Abaúj-Zemplén'),
('Sajóbábony', 'Borsod-Abaúj-Zemplén'),
('Sajószentpéter', 'Borsod-Abaúj-Zemplén'),
('Sárospatak', 'Borsod-Abaúj-Zemplén'),
('Sátoraljaújhely', 'Borsod-Abaúj-Zemplén'),
('Szendrő', 'Borsod-Abaúj-Zemplén'),
('Szentistván', 'Borsod-Abaúj-Zemplén'),
('Szerencs', 'Borsod-Abaúj-Zemplén'),
('Szikszó', 'Borsod-Abaúj-Zemplén'),
('Szirmabesenyő', 'Borsod-Abaúj-Zemplén'),
('Taktaharkány', 'Borsod-Abaúj-Zemplén'),
('Telkibánya', 'Borsod-Abaúj-Zemplén'),
('Tiszalúc', 'Borsod-Abaúj-Zemplén'),
('Tiszaújváros', 'Borsod-Abaúj-Zemplén'),
('Tokaj', 'Borsod-Abaúj-Zemplén'),
('Budapest', 'Budapest'),
('Algyő', 'Csongrád'),
('Csanádpalota', 'Csongrád'),
('Csongrád', 'Csongrád'),
('Hódmezővásárhely', 'Csongrád'),
('Kistelek', 'Csongrád'),
('Makó', 'Csongrád'),
('Mártély', 'Csongrád'),
('Mindszent', 'Csongrád'),
('Mórahalom', 'Csongrád'),
('Nagymágocs', 'Csongrád'),
('Sándorfalva', 'Csongrád'),
('Szeged', 'Csongrád'),
('Szegvár', 'Csongrád'),
('Szentes', 'Csongrád'),
('Aba', 'Fejér'),
('Adony', 'Fejér'),
('Bicske', 'Fejér'),
('Bodajk', 'Fejér'),
('Cece', 'Fejér'),
('Csákvár', 'Fejér'),
('Dunaújváros', 'Fejér'),
('Előszállás', 'Fejér'),
('Enying', 'Fejér'),
('Ercsi', 'Fejér'),
('Etyek', 'Fejér'),
('Gárdony', 'Fejér'),
('Lajoskomárom', 'Fejér'),
('Lepsény', 'Fejér'),
('Martonvásár', 'Fejér'),
('Mezőfalva', 'Fejér'),
('Mór', 'Fejér'),
('Perkáta', 'Fejér'),
('Polgárdi', 'Fejér'),
('Pusztaszabolcs', 'Fejér'),
('Rácalmás', 'Fejér'),
('Sárbogárd', 'Fejér'),
('Sárosd', 'Fejér'),
('Seregélyes', 'Fejér'),
('Soponya', 'Fejér'),
('Szabadbattyán', 'Fejér'),
('Székesfehérvár', 'Fejér'),
('Velence', 'Fejér'),
('Zámoly', 'Fejér'),
('Beled', 'Győr-Moson-Sopron'),
('Bősárkány', 'Győr-Moson-Sopron'),
('Csorna', 'Győr-Moson-Sopron'),
('Fertőd', 'Győr-Moson-Sopron'),
('Fertőszentmiklós', 'Győr-Moson-Sopron'),
('Győr', 'Győr-Moson-Sopron'),
('Hegyeshalom', 'Győr-Moson-Sopron'),
('Jánossomorja', 'Győr-Moson-Sopron'),
('Kapuvár', 'Győr-Moson-Sopron'),
('Lébény', 'Győr-Moson-Sopron'),
('Mosonmagyaróvár', 'Győr-Moson-Sopron'),
('Nagycenk', 'Győr-Moson-Sopron'),
('Pannonhalma', 'Győr-Moson-Sopron'),
('Rábaszentandrás', 'Győr-Moson-Sopron'),
('Sopron', 'Győr-Moson-Sopron'),
('Szany', 'Győr-Moson-Sopron'),
('Tét', 'Győr-Moson-Sopron'),
('Bagamér', 'Hajdú-Bihar'),
('Balmazújváros', 'Hajdú-Bihar'),
('Berettyóújfalu', 'Hajdú-Bihar'),
('Biharkeresztes', 'Hajdú-Bihar'),
('Csökmő', 'Hajdú-Bihar'),
('Debrecen', 'Hajdú-Bihar'),
('Derecske', 'Hajdú-Bihar'),
('Egyek', 'Hajdú-Bihar'),
('Földes', 'Hajdú-Bihar'),
('Hajdúböszörmény', 'Hajdú-Bihar'),
('Hajdúdorog', 'Hajdú-Bihar'),
('Hajdúhadház', 'Hajdú-Bihar'),
('Hajdúnánás', 'Hajdú-Bihar'),
('Hajdúsámson', 'Hajdú-Bihar'),
('Hajdúszoboszló', 'Hajdú-Bihar'),
('Hosszúpályi', 'Hajdú-Bihar'),
('Kaba', 'Hajdú-Bihar'),
('Komádi', 'Hajdú-Bihar'),
('Létavértes', 'Hajdú-Bihar'),
('Nádudvar', 'Hajdú-Bihar'),
('Nagyrábé', 'Hajdú-Bihar'),
('Nyírábrány', 'Hajdú-Bihar'),
('Nyíradony', 'Hajdú-Bihar'),
('Pocsaj', 'Hajdú-Bihar'),
('Polgár', 'Hajdú-Bihar'),
('Püspökladány', 'Hajdú-Bihar'),
('Sárrétudvari', 'Hajdú-Bihar'),
('Téglás', 'Hajdú-Bihar'),
('Tiszacsege', 'Hajdú-Bihar'),
('Vámospércs', 'Hajdú-Bihar'),
('Zsáka', 'Hajdú-Bihar'),
('Bélapátfalva', 'Heves'),
('Eger', 'Heves'),
('Füzesabony', 'Heves'),
('Gyöngyös', 'Heves'),
('Hatvan', 'Heves'),
('Heves', 'Heves'),
('Kál', 'Heves'),
('Kékes', 'Heves'),
('Kisköre', 'Heves'),
('Lőrinci', 'Heves'),
('Parád', 'Heves'),
('Pétervására', 'Heves'),
('Recsk', 'Heves'),
('Verpelét', 'Heves'),
('Abádszalók', 'Jász-Nagykun-Szolnok'),
('Cibakháza', 'Jász-Nagykun-Szolnok'),
('Fegyvernek', 'Jász-Nagykun-Szolnok'),
('Jászapáti', 'Jász-Nagykun-Szolnok'),
('Jászárokszállás', 'Jász-Nagykun-Szolnok'),
('Jászberény', 'Jász-Nagykun-Szolnok'),
('Jászfényszaru', 'Jász-Nagykun-Szolnok'),
('Jászkisér', 'Jász-Nagykun-Szolnok'),
('Jászladány', 'Jász-Nagykun-Szolnok'),
('Karcag', 'Jász-Nagykun-Szolnok'),
('Kenderes', 'Jász-Nagykun-Szolnok'),
('Kisújszállás', 'Jász-Nagykun-Szolnok'),
('Kunhegyes', 'Jász-Nagykun-Szolnok'),
('Kunmadaras', 'Jász-Nagykun-Szolnok'),
('Kunszentmárton', 'Jász-Nagykun-Szolnok'),
('Martfű', 'Jász-Nagykun-Szolnok'),
('Mezőtúr', 'Jász-Nagykun-Szolnok'),
('Öcsöd', 'Jász-Nagykun-Szolnok'),
('Rákóczifalva', 'Jász-Nagykun-Szolnok'),
('Szolnok', 'Jász-Nagykun-Szolnok'),
('Tiszaföldvár', 'Jász-Nagykun-Szolnok'),
('Tiszafüred', 'Jász-Nagykun-Szolnok'),
('Törökszentmiklós', 'Jász-Nagykun-Szolnok'),
('Túrkeve', 'Jász-Nagykun-Szolnok'),
('Újszász', 'Jász-Nagykun-Szolnok'),
('Ács', 'Komárom-Esztergom'),
('Bábolna', 'Komárom-Esztergom'),
('Dorog', 'Komárom-Esztergom'),
('Dömös', 'Komárom-Esztergom'),
('Esztergom', 'Komárom-Esztergom'),
('Gerecse', 'Komárom-Esztergom'),
('Kisbér', 'Komárom-Esztergom'),
('Komárom', 'Komárom-Esztergom'),
('Lábatlan', 'Komárom-Esztergom'),
('Nagyigmánd', 'Komárom-Esztergom'),
('Nyergesújfalu', 'Komárom-Esztergom'),
('Oroszlány', 'Komárom-Esztergom'),
('Tardos', 'Komárom-Esztergom'),
('Tát', 'Komárom-Esztergom'),
('Tata', 'Komárom-Esztergom'),
('Tatabánya', 'Komárom-Esztergom'),
('Tokod', 'Komárom-Esztergom'),
('Balassagyarmat', 'Nógrád'),
('Bátonyterenye', 'Nógrád'),
('Pásztó', 'Nógrád'),
('Rétság', 'Nógrád'),
('Salgótarján', 'Nógrád'),
('Szécsény', 'Nógrád'),
('Abony', 'Pest'),
('Albertirsa', 'Pest'),
('Alsónémedi', 'Pest'),
('Áporka', 'Pest'),
('Aszód', 'Pest'),
('Bag', 'Pest'),
('Biatorbágy', 'Pest'),
('Budakalász', 'Pest'),
('Budakeszi', 'Pest'),
('Budaörs', 'Pest'),
('Bugyi', 'Pest'),
('Cegléd', 'Pest'),
('Csobánka', 'Pest'),
('Csömör', 'Pest'),
('Dabas', 'Pest'),
('Dömsöd', 'Pest'),
('Dunaharaszti', 'Pest'),
('Dunakeszi', 'Pest'),
('Dunavarsány', 'Pest'),
('Érd', 'Pest'),
('Erdőkertes', 'Pest'),
('Fót', 'Pest'),
('Göd', 'Pest'),
('Gödöllő', 'Pest'),
('Gyál', 'Pest'),
('Gyömrő', 'Pest'),
('Halásztelek', 'Pest'),
('Isaszeg', 'Pest'),
('Kartal', 'Pest'),
('Kerepes', 'Pest'),
('Kiskunlacháza', 'Pest'),
('Kistarcsa', 'Pest'),
('Leányfalu', 'Pest'),
('Maglód', 'Pest'),
('Mogyoród', 'Pest'),
('Monor', 'Pest'),
('Nagykáta', 'Pest'),
('Nagykovácsi', 'Pest'),
('Nagykőrös', 'Pest'),
('Nagymaros', 'Pest'),
('Ócsa', 'Pest'),
('Őrbottyán', 'Pest'),
('Örkény', 'Pest'),
('Pécel', 'Pest'),
('Pilis', 'Pest'),
('Piliscsaba', 'Pest'),
('Pilisvörösvár', 'Pest'),
('Pomáz', 'Pest'),
('Ráckeve', 'Pest'),
('Solymár', 'Pest'),
('Sülysáp', 'Pest'),
('Százhalombatta', 'Pest'),
('Szentendre', 'Pest'),
('Szigethalom', 'Pest'),
('Szigetszentmiklós', 'Pest'),
('Szob', 'Pest'),
('Taksony', 'Pest'),
('Tápiószecső', 'Pest'),
('Tápiószele', 'Pest'),
('Tápiószentmárton', 'Pest'),
('Tárnok', 'Pest'),
('Tököl', 'Pest'),
('Törökbálint', 'Pest'),
('Tura', 'Pest'),
('Üllő', 'Pest'),
('Vác', 'Pest'),
('Valkó', 'Pest'),
('Vecsés', 'Pest'),
('Veresegyház', 'Pest'),
('Visegrád', 'Pest'),
('Zsámbék', 'Pest'),
('Balatonboglár', 'Somogy'),
('Balatonföldvár', 'Somogy'),
('Balatonlelle', 'Somogy'),
('Balatonszárszó', 'Somogy'),
('Barcs', 'Somogy'),
('Berzence', 'Somogy'),
('Csurgó', 'Somogy'),
('Fonyód', 'Somogy'),
('Igal', 'Somogy'),
('Kadarkút', 'Somogy'),
('Kaposvár', 'Somogy'),
('Lengyeltóti', 'Somogy'),
('Marcali', 'Somogy'),
('Nagyatád', 'Somogy'),
('Nagybajom', 'Somogy'),
('Siófok', 'Somogy'),
('Tab', 'Somogy'),
('Zamárdi', 'Somogy'),
('Ajak', 'Szabolcs-Szatmár-Bereg'),
('Baktalórántháza', 'Szabolcs-Szatmár-Bereg'),
('Balkány', 'Szabolcs-Szatmár-Bereg'),
('Csenger', 'Szabolcs-Szatmár-Bereg'),
('Demecser', 'Szabolcs-Szatmár-Bereg'),
('Dombrád', 'Szabolcs-Szatmár-Bereg'),
('Fehérgyarmat', 'Szabolcs-Szatmár-Bereg'),
('Gávavencsellő', 'Szabolcs-Szatmár-Bereg'),
('Hodász', 'Szabolcs-Szatmár-Bereg'),
('Ibrány', 'Szabolcs-Szatmár-Bereg'),
('Kállósemjén', 'Szabolcs-Szatmár-Bereg'),
('Kemecse', 'Szabolcs-Szatmár-Bereg'),
('Kisvárda', 'Szabolcs-Szatmár-Bereg'),
('Kölcse', 'Szabolcs-Szatmár-Bereg'),
('Levelek', 'Szabolcs-Szatmár-Bereg'),
('Mándok', 'Szabolcs-Szatmár-Bereg'),
('Máriapócs', 'Szabolcs-Szatmár-Bereg'),
('Mátészalka', 'Szabolcs-Szatmár-Bereg'),
('Mérk', 'Szabolcs-Szatmár-Bereg'),
('Nagyecsed', 'Szabolcs-Szatmár-Bereg'),
('Nagyhalász', 'Szabolcs-Szatmár-Bereg'),
('Nagykálló', 'Szabolcs-Szatmár-Bereg'),
('Nyírbátor', 'Szabolcs-Szatmár-Bereg'),
('Nyírbéltek', 'Szabolcs-Szatmár-Bereg'),
('Nyírbogát', 'Szabolcs-Szatmár-Bereg'),
('Nyíregyháza', 'Szabolcs-Szatmár-Bereg'),
('Nyírlugos', 'Szabolcs-Szatmár-Bereg'),
('Nyírmada', 'Szabolcs-Szatmár-Bereg'),
('Nyírtelek', 'Szabolcs-Szatmár-Bereg'),
('Ököritófülpös', 'Szabolcs-Szatmár-Bereg'),
('Porcsalma', 'Szabolcs-Szatmár-Bereg'),
('Rakamaz', 'Szabolcs-Szatmár-Bereg'),
('Tarpa', 'Szabolcs-Szatmár-Bereg'),
('Tiszabecs', 'Szabolcs-Szatmár-Bereg'),
('Tiszadob', 'Szabolcs-Szatmár-Bereg'),
('Tiszalök', 'Szabolcs-Szatmár-Bereg'),
('Tiszavasvári', 'Szabolcs-Szatmár-Bereg'),
('Tuzsér', 'Szabolcs-Szatmár-Bereg'),
('Tyukod', 'Szabolcs-Szatmár-Bereg'),
('Újfehértó', 'Szabolcs-Szatmár-Bereg'),
('Vaja', 'Szabolcs-Szatmár-Bereg'),
('Vásárosnamény', 'Szabolcs-Szatmár-Bereg'),
('Záhony', 'Szabolcs-Szatmár-Bereg'),
('Bátaszék', 'Tolna'),
('Bonyhád', 'Tolna'),
('Decs', 'Tolna'),
('Dombóvár', 'Tolna'),
('Dunaföldvár', 'Tolna'),
('Fadd', 'Tolna'),
('Gyönk', 'Tolna'),
('Hőgyész', 'Tolna'),
('Nagydorog', 'Tolna'),
('Nagymányok', 'Tolna'),
('Paks', 'Tolna'),
('Pincehely', 'Tolna'),
('Sárszentlőrinc', 'Tolna'),
('Simontornya', 'Tolna'),
('Szekszárd', 'Tolna'),
('Tamási', 'Tolna'),
('Tolna', 'Tolna'),
('Bük', 'Vas'),
('Celldömölk', 'Vas'),
('Csepreg', 'Vas'),
('Felsőszölnök', 'Vas'),
('Jánosháza', 'Vas'),
('Körmend', 'Vas'),
('Kőszeg', 'Vas'),
('Őriszentpéter', 'Vas'),
('Répcelak', 'Vas'),
('Sárvár', 'Vas'),
('Szentgotthárd', 'Vas'),
('Szombathely', 'Vas'),
('Vasvár', 'Vas'),
('Vép', 'Vas'),
('Ajka', 'Veszprém'),
('Badacsonytomaj', 'Veszprém'),
('Balatonalmádi', 'Veszprém'),
('Balatonfüred', 'Veszprém'),
('Balatonfűzfő', 'Veszprém'),
('Balatonkenese', 'Veszprém'),
('Berhida', 'Veszprém'),
('Devecser', 'Veszprém'),
('Herend', 'Veszprém'),
('Kab-hegy', 'Veszprém'),
('Pápa', 'Veszprém'),
('Pétfürdő', 'Veszprém'),
('Révfülöp', 'Veszprém'),
('Sümeg', 'Veszprém'),
('Tapolca', 'Veszprém'),
('Tihany', 'Veszprém'),
('Várpalota', 'Veszprém'),
('Veszprém', 'Veszprém'),
('Zirc', 'Veszprém'),
('Gyenesdiás', 'Zala'),
('Hévíz', 'Zala'),
('Keszthely', 'Zala'),
('Lenti', 'Zala'),
('Letenye', 'Zala'),
('Nagykanizsa', 'Zala'),
('Pacsa', 'Zala'),
('Vonyarcvashegy', 'Zala'),
('Zalaegerszeg', 'Zala'),
('Zalakaros', 'Zala'),
('Zalalövő', 'Zala'),
('Zalaszentgrót', 'Zala');

-- --------------------------------------------------------

--
-- Tábla szerkezet ehhez a táblához `users`
--

CREATE TABLE `users` (
  `id` int(11) NOT NULL,
  `username` varchar(45) NOT NULL,
  `hash` varchar(200) NOT NULL,
  `isAdmin` tinyint(4) NOT NULL
) ENGINE=InnoDB DEFAULT CHARSET=utf8mb4 COLLATE=utf8mb4_hungarian_ci;

--
-- A tábla adatainak kiíratása `users`
--

INSERT INTO `users` (`id`, `username`, `hash`, `isAdmin`) VALUES
(1, 'test', 'ee26b0dd4af7e749aa1a8ee3c10ae9923f618980772e473f8819a5d4940e0db27ac185f8a0e1d5f84f88bc887fd67b143732c304cc5fa9ad8e6f57f50028a8ff', 1),
(2, 'new', 'aa54def9e0bb11c1ebbfc97a9ee63af9e95c4fdf1d032b1ddcc0f21661f748651d2b2b8fb94e9ae041780554db29815daa1c0fe991ddae54eff0c4c28cd9d20c', 0);

--
-- Indexek a kiírt táblákhoz
--

--
-- A tábla indexei `kiosztas`
--
ALTER TABLE `kiosztas`
  ADD PRIMARY KEY (`az`),
  ADD KEY `adohely` (`adohely`);

--
-- A tábla indexei `messages`
--
ALTER TABLE `messages`
  ADD PRIMARY KEY (`id`);

--
-- A tábla indexei `regio`
--
ALTER TABLE `regio`
  ADD PRIMARY KEY (`megye`);

--
-- A tábla indexei `sessions`
--
ALTER TABLE `sessions`
  ADD PRIMARY KEY (`session_id`);

--
-- A tábla indexei `telepules`
--
ALTER TABLE `telepules`
  ADD PRIMARY KEY (`nev`),
  ADD KEY `telepules_ibfk_1` (`megye`);

--
-- A tábla indexei `users`
--
ALTER TABLE `users`
  ADD PRIMARY KEY (`id`);

--
-- A kiírt táblák AUTO_INCREMENT értéke
--

--
-- AUTO_INCREMENT a táblához `kiosztas`
--
ALTER TABLE `kiosztas`
  MODIFY `az` int(11) NOT NULL AUTO_INCREMENT, AUTO_INCREMENT=512;

--
-- AUTO_INCREMENT a táblához `messages`
--
ALTER TABLE `messages`
  MODIFY `id` int(11) NOT NULL AUTO_INCREMENT, AUTO_INCREMENT=5;

--
-- AUTO_INCREMENT a táblához `users`
--
ALTER TABLE `users`
  MODIFY `id` int(11) NOT NULL AUTO_INCREMENT, AUTO_INCREMENT=3;

--
-- Megkötések a kiírt táblákhoz
--

--
-- Megkötések a táblához `kiosztas`
--
ALTER TABLE `kiosztas`
  ADD CONSTRAINT `kiosztas_ibfk_1` FOREIGN KEY (`adohely`) REFERENCES `telepules` (`nev`) ON DELETE CASCADE ON UPDATE CASCADE;

--
-- Megkötések a táblához `telepules`
--
ALTER TABLE `telepules`
  ADD CONSTRAINT `telepules_ibfk_1` FOREIGN KEY (`megye`) REFERENCES `regio` (`megye`) ON DELETE CASCADE ON UPDATE CASCADE;
COMMIT;

/*!40101 SET CHARACTER_SET_CLIENT=@OLD_CHARACTER_SET_CLIENT */;
/*!40101 SET CHARACTER_SET_RESULTS=@OLD_CHARACTER_SET_RESULTS */;
/*!40101 SET COLLATION_CONNECTION=@OLD_COLLATION_CONNECTION */;
